match_name;match_cnpj;natureza_juridica_desc;valor_repasse
INSTITUTO SOCIAL HOSPITAL ALEMAO OSWALDO CRUZ;22315713000349,0;Associacao Privada;706940502,77
PRO-SAUDE ASSOCIACAO BENEFICENTE DE ASSISTENCIA SOCIAL E HOSPITALAR - EM RECUPERACAO JUDICIAL;24232886018023,0;Associacao Privada;146556464,86
INSTITUTO NACIONAL DE PESQUISA E GESTAO EM SAUDE - INSAUDE;44563716003511,0;Associacao Privada;116921045,96
SPDM - ASSOCIACAO PAULISTA PARA O DESENVOLVIMENTO DA MEDICINA;61699567008843,0;Associacao Privada;103485295,17
ASSOCIACAO DE AMOR A CRIANCA ARCANJO RAFAEL;62292420000650,0;Associacao Privada;65137892,64
USC SAUDE;36123690000202,0;Organizacao Social (OS);59638154,56
ASSOCIACAO DE ASSISTENCIA SOCIAL EVOLUCAO;6206541000157,0;Associacao Privada;50655690,26
IRMANDADE DA SANTA CASA DE MISERICORDIA DE SANTOS;58198524002405,0;Associacao Privada;40862676,96
INSTITUTO ARTE NO DIQUE;7269609000290,0;Associacao Privada;27972258,72
UNIAO DE AMPARO A COMUNIDADE DE ESCOLAS PUBLICAS ( MINHA COMUNIDADE) - UACEP;9121581000194,0;Associacao Privada;26649326,46
CENTRO ESPIRITA BENEFICENTE 30 DE JULHO;58198128000191,0;Associacao Privada;23016159,83
EDUCANDARIO SANTISTA;58247503000146,0;Associacao Privada;22739422,08
PRO VIVER OBRAS SOCIAIS E EDUCACIONAIS;68025576000147,0;Associacao Privada;21944591,34
LAR DAS MOCAS CEGAS;58198227000173,0;Associacao Privada;19646628,27
CENTRO DE APRENDIZAGEM E MOBILIZACAO PROFISSIONAL E SOCIAL - CAMPS;58253667000186,0;Associacao Privada;19521050,21
FUNDACAO OASIS;1030958002050,0;Fundacao Privada;15063707,47
ASSOCIACAO DE PAIS E AMIGOS DOS EXCEPCIONAIS DE SANTOS;58238866000387,0;Associacao Privada;13475575,91
ASSOCIACAO SOCIAL SAGRADA FAMILIA;11061656000130,0;Associacao Privada;13181642,8
EDUCANDARIO ANALIA FRANCO;58225905000220,0;Associacao Privada;12681278,92
ASSOCIACAO DOS PORTADORES DE DEFICIENCIA MENTAL;68018050000130,0;Associacao Privada;12425863,65
CRECHE COMUNITARIA AMIGOS;8802883000246,0;Associacao Privada;12251726,84
ASSOCIACAO DE PROMOCAO E ASSISTENCIA SOCIAL ESTRELA DO MAR;5273791000813,0;Associacao Privada;11997874,15
CRECHE COMUNITARIA CANTINHO DO RADIO CLUBE;26282334000199,0;Associacao Privada;10921383,44
NUCLEO DE REABILITACAO DE DEFICIENCIA INTELECTUAL SAO VICENTE DE PAULO;64042740000173,0;Associacao Privada;10606588,71
VIDAS RECICLADAS;8706506000718,0;Associacao Privada;9492766,02
CENTRO INTERDISCIPLINAR DE EDUCACAO ESPECIAL SIMONE C HORCEL;26841083000135,0;Associacao Privada;9272718,28
ASSOCIACAO CASA DA CRIANCA DE SANTOS;58218215000163,0;Associacao Privada;9165166,06
CENTRO ESPIRITA ISMENIA DE JESUS;58222878001719,0;Associacao Privada;8526333,33
CRECHE ANJOS DO AMANHA E EDUCACAO INFANTIL;27729983000158,0;Associacao Privada;8456743,23
ASSOCIACAO EDUCACIONAL E ASSISTENCIAL CASA MAGICA;19716290000100,0;Associacao Privada;8301316,93
LAR ESPIRITA MENSAGEIROS DA LUZ - PARALISIA CEREBRAL;46781142000134,0;Associacao Privada;8208861,99
ASSOCIACAO CASA DA ESPERANCA;58218207000117,0;Associacao Privada;8178948,38
ASSOCIACAO DE PAIS AMIGOS E EDUCADORES DE AUTISTAS;55674782000136,0;Associacao Privada;7743079,44
SOCIEDADE AMIGA DOS POBRES ALBERGUE NOTURNO;58259433000146,0;Associacao Privada;7713895,92
ASSOCIACAO ESPIRITA SEARADE JESUS;58230293000183,0;Associacao Privada;7604257,600000001
ASSOCIACAO DE PAIS PRO CENTRO DE REC DE EXCEPCIONAIS;46170494000153,0;Associacao Privada;7517105,74
CRUZADA DAS SENHORAS CATOLICAS;58269515000171,0;Associacao Privada;7490910,58
ASSISTENCIA A INFANCIA DE SANTOS GOTA DE LEITE;58222910000107,0;Associacao Privada;7461409,61
ASSOCIACAO EQUOTERAPIA;4312650000123,0;Associacao Privada;7250712,36
ASSISTENCIA AO MENOR ENFERMO MENTAL;58257023000166,0;Associacao Privada;7194914,34
CASA VO BENEDITA;55674980000280,0;Associacao Privada;7021589,46
CENTRO DE CONVIVENCIA ESPERANCA E VIDA (C.C.E.V.);4864717000132,0;Associacao Privada;6626501,01
ASSOCIACAO FILANTROPICA CATOLICA ORTODOXA;3387871000289,0;Associacao Privada;6461897,19
LIGA BENEFICENTE NOSSA SENHORA DA DIVINA PROVIDENCIA;58259763000131,0;Associacao Privada;5474217,04
ASPPE - PESQUISA PREVENCAO E EDUCACAO;71554695000100,0;Associacao Privada;5426361,91
ESCOLA PORTUGUESA;60013646000135,0;Associacao Privada;5415784,4
INSTITUICAO DE ASSISTENCIA A CRIANCA PROFESSORA EDNA SOUZA - I. A. C. P. E. S.;5336537000140,0;Associacao Privada;5281669,96
LAR EVANGELICO DE AMPARO A VELHICE;52246451000107,0;Associacao Privada;5159580,45
ASSISTENCIA SOCIAL DA PONTA DA PRAIA;60015070000145,0;Associacao Privada;5125634,26
CASA DO PARAPLEGICO DE SANTOS;58263898000170,0;Associacao Privada;5051730,27
ASSOCIACAO BALE DA CIDADE DE SANTOS;4979995000135,0;Associacao Privada;4982777,89
ASSOCIACAO BRASILEIRA DE EDUCACAO E CULTURA -ABEC;60982352003307,0;Associacao Privada;4803239,24
CENTRO DE CAPACITACAO DE JOVENS E ADULTOS DE SANTOS - CECAJAS;9199368000286,0;Associacao Privada;4563896,08
ASSOCIACAO CASA DE ESTAR DE SANTOS;58250267000117,0;Associacao Privada;4525170,9
COMUNIDADE ASSISTENCIAL ESPIRITA LAR VENERANDA;58167032000166,0;Associacao Privada;4508269,06
ASSOCIACAO BENEFICENTE SAO JOSE;57734915000148,0;Associacao Privada;4362702,57
ASILO DE INVALIDOS DE SANTOS;58219551000201,0;Associacao Privada;4227906,08
ASSOCIACAO BENEFICENTE AGAPE;10415947000117,0;Associacao Privada;4218027,57
ASSOCIACAO DE ASSISTENCIA A INFANCIA ESTRELA GUIA;64715899000101,0;Associacao Privada;4211362,18
ABRACE - ASSOCIACAO BRASILEIRA DE ARTES CENICAS;10984224000139,0;Associacao Privada;4032272,79
ASSOCIACAO CRISTA BENEFICENTE EURIPEDES BARSANULFO;58224692000301,0;Associacao Privada;3985566,31
ASSOCIACAO DE CRIANCAS ESPECIAIS DE SANTOS - ACES;2716429000105,0;Associacao Privada;3762759,09
GRUPO ESPIRITA CRISTAO DE SANTOS;49194889000184,0;Associacao Privada;3697192,1799999997
SOCIEDADE FILANTROPICA DAMASCO;51072411000123,0;Associacao Privada;3180423,39
CONSELHO CENTRAL DE SANTOS DA SOCIEDADE DE SAO VICENTE DE PAULO;58236456000135,0;Associacao Privada;2785820,14
ASSOCIACAO FABRICA DE SOLIDARIEDADE;2793805000165,0;Associacao Privada;2606286,16
FUNDACAO SETTAPORT DE RESPONSABILIDADE SOCIAL E INTEGRACAO PORTO CIDADE;9474791000247,0;Fundacao Privada;2573770,94
LAR ESPIRITA MARIA MAXIMO;62303250000158,0;Associacao Privada;2384633,91
INSTITUTO VISAO DO BEM;25333751000150,0;Associacao Privada;2305056,32
INSTITUTO PROATVIDA;4292604000100,0;Organizacao Social (OS);2255405,4
ASSOCIACAO PROJETO TAMTAM;68019801000132,0;Associacao Privada;2186438,32
INSTITUTO CONSTRUINDO O AMANHA;34597152000135,0;Associacao Privada;2116918,42
ABRACCII - ASSOCIACAO BRASILEIRA DE APOIO E COMBATE AO CANCER INFANTO JUVENIL;20249929000166,0;Associacao Privada;2065685,0
ASSOCIACAO BENEFICENTE DE ASSISTENCIA SOCIAL AO EXCEPCIONAL - CENTRO DE CONVIVENCIA MARIA HELENA - ABASE;1180999000160,0;Associacao Privada;2038374,76
GRUPO DE APOIO A PREVENCAO A AIDS DA BAIXADA SANTISTA;57731218000133,0;Associacao Privada;1901595,0
ASSOCIACAO DO CENTRO COMUNITARIO DO DIQUE - UNIVERSIDADE ABERTA;4111858000184,0;Associacao Privada;1748580,28
APEMBS - ASSOCIACAO DOS PORTADORES DE ESCLEROSE MULTIPLA DA BAIXADA SANTISTA;6644509000234,0;Associacao Privada;1737945,63
CONSCIENCIA PELA CIDADANIA;7497673000148,0;Associacao Privada;1654088,0
ASSOCIACAO DE INFORMACAO, PROTECAO E DEFESA DO TRABALHADOR - PROTRABALHADOR;26414838000115,0;Associacao Privada;1602619,25
ASSOCIACAO IN PHOCCUS DE DANCA;24541903000148,0;Associacao Privada;1575275,2
ASSOCIACAO BENEFICENTE SONY BARSOTTI MEY;3357768000105,0;Associacao Privada;1566551,06
FUNDACAO PAULO GOMES BARBOSA;6096687000278,0;Fundacao Privada;1482264,55
INSTITUTO HISTORICO E GEOGRAFICO DE SANTOS;58250358000152,0;Associacao Privada;1419156,67
SOCIEDADE ESPORTIVA CANTAREIRA;8065029000163,0;Associacao Privada;1288337,1900000002
SANTOS CONVENTION & VISITORS BUREAU;5046291000172,0;Associacao Privada;1256796,06
FUNDACAO PINACOTECA BENEDICTO CALIXTO;55673255000107,0;Associacao Privada;1246333,34
ASSOCIACAO FUNDO DE INCENTIVO A PESQUISA;47673793008158,0;Associacao Privada;1236457,79
GRUPO DE APOIO A INCLUSAO SOCIAL E PROFISSIONAL;58258633000184,0;Associacao Privada;1194111,83
INSTITUTO OSVALDO DE ROSIS;3134104000187,0;Associacao Privada;1183711,83
INSTITUTO PROJETO KAFFE SPORT;32695119000112,0;Associacao Privada;1129151,52
ASSOCIACAO BRASILEIRA DE CANOA HAVAIANA;24534507000193,0;Associacao Privada;1123680,0
LIGA REGIONAL DE FUTEVOLEI DO LITORAL PAULISTA (LRFVLP);42283417000159,0;Associacao Privada;1040101,6
SOCIEDADE PORTUGUESA DE BENEFICENCIA;58194622000188,0;Associacao Privada;1000000,0
GREMIO RECREATIVO CULTURAL E ESCOLA DE SAMBA MOCIDADE INDEPENDENCIA;10471963000127,0;Associacao Privada;903500,0
ASSOCIACAO EDUCACIONAL, CULTURAL, ESPORTIVA E RECREATIVA PROJETO TIA EGLE;10561152000117,0;Associacao Privada;885224,9000000003
GREMIO RECREATIVO E ESCOLA DE SAMBA UNIAO IMPERIAL;46834537000158,0;Associacao Privada;736000,0
ASSOCIACAO RECREATIVA E CULTURAL REAL MOCIDADE SANTISTA - ARCRMS;52264561000100,0;Associacao Privada;686000,0
ONG PATINHAS QUE BRILHAM;30851251000140,0;Organizacao Social (OS);629000,0
ACAO DE RECUPERACAO SOCIAL-ARS;34258000109,0;Associacao Privada;626266,02
ASSOCIACAO DE MORADORES E COMERCIANTES DA VILA MATHIAS;7788967000129,0;Associacao Privada;588059,27
GREMIO RECREATIVO CULTURAL ESCOLA DE SAMBA BRASIL;57735201000154,0;Associacao Privada;582484,1
CLUBE DO CHORO DE SANTOS;5798009000103,0;Associacao Privada;580400,0
CONGREGACAO SANTISTA DE SURDOS;58251315000191,0;Associacao Privada;580000,0
INSTITUTO DEVIR EDUCOM;30756002000176,0;Associacao Privada;568001,0
GREMIO RECREATIVO CULTURAL ESCOLA DE SAMBA TIJUCA;17632838000109,0;Associacao Privada;566000,0
GREMIO RECREATIVO, CULTURAL E ESCOLA DE SAMBA UNIDOS DOS MORROS;49946031000129,0;Associacao Privada;566000,0
ASSOCIACAO CANAL CULTURAL;50709299000126,0;Associacao Privada;564045,0
CRECHE MENINO JESUS;58267634000195,0;Associacao Privada;560126,16
ASSOCIACAO NIPO BRASILEIRA DE ASSISTENCIA SOCIAL - ENKYO;21161900000514,0;Associacao Privada;551600,0
CENTRO INTEGRADO DE ASSISTENCIA A PESSOAS COM CANCER - CENIN;21370103000113,0;Associacao Privada;541542,38
ASSOCIACAO APLAUSO CONTEMPORANEO;4361595000161,0;Associacao Privada;510500,0
ROTARY DE SANTOS MONTE SERRAT;3640883000192,0;Associacao Privada;501420,55
VITAE DOMINI - INSTITUTO BRASILEIRO DE DESENVOLVIMENTO SOCIAL;7794427000158,0;Associacao Privada;501149,09
ASSOCIACAO DESPORTIVA, EDUCACIONAL E SOCIAL EQUILIBRIUM;8678490000191,0;Associacao Privada;470458,4
LIGA DESPORTIVA DO LITORAL PAULISTA;23293842000184,0;Associacao Privada;443057,0
CONFEDERACAO BRASILEIRA DE SKATEBOARDING;3124517000180,0;Associacao Privada;442491,94
MUSEU DE ARTE SACRA DE SANTOS;52248440000166,0;Associacao Privada;420000,0
CLUBE INTERNACIONAL DE REGATAS;58212556000121,0;Associacao Privada;413451,2
G.RECREATIVO ACADEMIA DE SAMBA UNIDOS DA ZONA NOROESTE;51652725000103,0;Associacao Privada;413000,0
ASSOCIACAO DA PARADA DO ORGULHO DE LESBICAS, GAYS, BISSEXUAIS, TRAVESTIS E TRANSGENEROS DE SANTOS;41768494000136,0;Associacao Privada;404200,0
ASSOCIACAO CULTURAL PORTO CIRCENSE;29946057000160,0;Associacao Privada;399710,0
GREMIO RECREATIVO CULTURAL ESCOLA DE SAMBA ACADEMICOS BANDEIRANTES DO SABOO;7763965000185,0;Associacao Privada;391000,0
GREMIO RECREATIVO CULTURAL TORCIDA E ESCOLA DE SAMBA SANGUE JOVEM;3901825000175,0;Associacao Privada;386000,0
NOVA DIMENSAO - ORGANIZACAO DE APOIO SOCIAL, EDUCATIVO E CULTURAL AS PESSOAS COM NECESSIDADES ESPECIAIS E MINORIAS EXCLUIDAS DOS SISTEMAS COMUNS;11521682000102,0;Associacao Privada;372505,58999999997
LOJA MACONICA CIDADE DE SANTOS N 4452;55673974000128,0;Associacao Privada;351780,02
CACTOS CENTRO DE APOIO E RECUP DE DEPENDENTES DE DROGAS;34200000165,0;Associacao Privada;351000,0
GREMIO RECREATIVO E CULTURAL ESCOLA DE SAMBA MOCIDADE AMAZONENSE;51683852000242,0;Associacao Privada;350000,0
TAUPET;41977051000155,0;Associacao Privada;350000,0
BANDA MUSICAL CARLOS GOMES;44967594000180,0;Associacao Privada;342905,86000000004
INSTITUTO VIDA PLENA;20454595000162,0;Associacao Privada;300000,0
ASSOCIACAO DESPORTIVA E CULTURAL MARVEL;49783893000188,0;Associacao Privada;299925,0
GREMIO RECREATIVO E CULTURAL ESCOLA DE SAMBA IMPERIO DA VILA;4485911000107,0;Associacao Privada;298000,0
ASSOCIACAO SANTOS DE SURF;7407382000111,0;Associacao Privada;295136,0
FRATERNIDADE DE CARITAS - NUCLEO ESPIRITUAL DEUS CONDUZ;2468256000153,0;Associacao Privada;293700,0
GREMIO RECREATIVO CULTURAL ESCOLA DE SAMBA CAMISA ALVINEGRA;11156093000164,0;Associacao Privada;283000,0
ASSOCIACAO PROMOCIONAL SAO JOSE;58258856000141,0;Associacao Privada;276319,0
INSTITUTO PRO-ACAO ESPORTE E MEIO AMBIENTE;29505273000170,0;Associacao Privada;259700,0
ACADEMIA SANTISTA DE LETRAS;48678387000166,0;Associacao Privada;240445,86000000002
PROJETO AMIGOS DE BRACOS ABERTO;25447615000191,0;Associacao Privada;238333,34
CASA DA VISAO;64722903000169,0;Associacao Privada;238000,04
CENTRO ESPIRITA DE UMBANDA NOSSA SENHORA DA CONCEICAO;9600898000103,0;Associacao Privada;235440,0
SOCIEDADE DE MELHORAMENTOS DA VILA SAO JORGE;49955032000130,0;Associacao Privada;230929,43
INSTITUTO ELOS BRASIL;4241216000108,0;Associacao Privada;230868,0
GREMIO RECREATIVO E CULTURAL ESCOLA DE SAMBA VILA MATHIAS;10381467000182,0;Associacao Privada;217328,0
ASSOCIACAO DE DESENVOLVIMENTO HUMANO VIVA VIDA;29505894000153,0;Associacao Privada;211816,0
ASSOCIACAO BRASILEIRA DOS ORGANIZADORES DE FESTIVAIS DE FOLCLORE E ARTES POPULARES;71545636000167,0;Associacao Privada;210000,0
ASSOCIACAO SOCIO EDUCATIVA DE ESPORTE E LAZER - ASEEL;23056251000193,0;Associacao Privada;206982,65
GRUPO ASSISTENCIAL ESPIRITA NINHO DE AMOR E LUZ;3343028000110,0;Associacao Privada;206565,0
REDE CICLE - CONVIVENCIA E INTEGRACAO POR MEIO DA CULTURA, LAZER E ESPORTE;35189566000198,0;Associacao Privada;203859,53
ONG CASA BRANCA;48747812000121,0;Associacao Privada;199734,39
GREMIO SOCIAL, ESPORTIVO E CULTURAL RONIMOTORS;27751378000183,0;Associacao Privada;198248,0
INSTITUTO ENERGIA;12068975000130,0;Associacao Privada;184967,59
SOCIEDADE DE MELHORAMENTOS DO BAIRRO DA POMPEIA;3329385000123,0;Associacao Privada;179586,87
PROJETO SOCIAL CIPO ARTES, ARTES MARCIAIS;14693773000105,0;Associacao Privada;176065,0
INSTITUTO FACONTI;32696580000190,0;Associacao Privada;170818,75
ASSOCIACAO BENEFICENTE MAOS ENTRELACADAS;97519524000125,0;Organizacao Social (OS);170000,0
SOCIEDADE DE MELHORAMENTOS DO BAIRRO DA CANELEIRA;51646396000180,0;Associacao Privada;161471,69
INSTITUTO ECOFAXINA - LIMPEZA, MONITORAMENTO E EDUCACAO AMBIENTAL;10735372000110,0;Associacao Privada;155404,6
ASSOCIACAO DOS MORADORES DA CANELEIRA III;2294268000109,0;Associacao Privada;153725,6
ASSOC PRO BENEFICENCIA E MELHORAMENTOS DA VILA ALEMOA;51681906000150,0;Associacao Privada;150824,39
INSTITUTO SUPERIOR DE EDUCACAO SANTA CECILIA;58251711000119,0;Associacao Privada;150000,0
JUNIOR INTERDISCIPLINAR DA UNIVERSIDADE FEDERAL DE SAO PAULO - UNIFESP/ CAMPUS BAIXADA SANTISTA;34210386000188,0;Associacao Privada;149500,0
INSTITUTO NAUTICO - BOMBORDO;13143663000107,0;Associacao Privada;147500,0
INSTITUTO INOVARE - SOLUCOES SOCIOAMBIENTAIS;33978003000153,0;Associacao Privada;141000,0
SOCIEDADE DE MELHORAMENTOS DO JARDIM BOM RETIRO;51641934000143,0;Associacao Privada;134995,07
ASSOCIACAO BRUTO FRUTO ABF;44688442000148,0;Associacao Privada;134655,87
ASSOCIACAO DE ASSISTENCIA MULTIPROFISSIONAL A ESPECIAIS FLORES DE MARIA;21504687000172,0;Associacao Privada;127030,0
ASSOC DE MORADORES PRO MELHORAM DO BAIRRO DO JD CASTELO;48670640000135,0;Associacao Privada;127029,43
ASSOCIACAO DE SAUDE SOCIOAMBIENTAL;19925754000180,0;Associacao Privada;126855,0
ASSOCIACAO COMUNIDADE DE MAOS DADAS;1385650000165,0;Associacao Privada;126178,0
SOCIEDADE DE MELHORAMENTOS DO BAIRRO DA ENCRUZILHADA;5122859000197,0;Associacao Privada;125210,03
ONG AMIGOS DO TOBIAS;28378805000192,0;Associacao Privada;124991,67
ASSOCIACAO CULTURAL QUILOA;14126748000140,0;Associacao Privada;122650,0
ASSOCIACAO EXPRESSAO DE VIDA;5150249000105,0;Associacao Privada;119999,2
INSTITUTO EDU VARELA;43265835000186,0;Associacao Privada;115000,0
CENTRO ESPIRITA E DE CARIDADE DR LUIZ MONTEIRO DE BARROS;4058611000222,0;Associacao Privada;114981,48
CENTRO COMUN DO CONJ RESI MAL ARTUR DA COSTA E SILVA;46836433000182,0;Associacao Privada;111738,75
SOCIEDADE DE MELHORAMENTOS DO BAIRRO E MORROS JABAQUARA;54346226000178,0;Associacao Privada;108861,20999999999
ASSOCIACAO CULTURAL DOS AFRODESCENDENTES DA BAIXADA SANTISTA;5594912000152,0;Associacao Privada;105440,0
INSTITUTO MAR AZUL;17754991000109,0;Associacao Privada;105000,0
ASSOCIACAO DOS MEDICOS DESANTOS;58252347000101,0;Associacao Privada;100000,0
INSTITUTO DE ACOLHIMENTO CAES DA PRAIA;51618934000122,0;Associacao Privada;100000,0
ONG ONLY CATS;54245061000148,0;Associacao Privada;99989,27
ASSOCIACAO OSCAR KARATE-DO EDUCACIONAL;38927517000101,0;Associacao Privada;98275,94
BANDA FAMILIA DO BEM;24541667000160,0;Associacao Privada;95710,0
SOCIEDADE DE MELHORAMENTOS DO BAIRRO DO MACUCO;2949933000155,0;Associacao Privada;95398,03
SOCIEDADE DE MELHORAMENTOS DO BAIRRO DO MARAPE;51654101000117,0;Associacao Privada;95396,19
ASSOCIACAO DESPORTIVA E CULTURAL DE CAPOEIRA ESCOLA;7646341000188,0;Associacao Privada;95005,0
ASSOCIACAO DE APOIO AS PORTADORAS DE ENDOMETRIOSE - ENDOMULHERES BAIXADA SANTISTA;35477670000188,0;Associacao Privada;91418,0
SOCIEDADE DE MELHORAMENTOS DO MORRO DA NOVA CINTRA;51079853000100,0;Associacao Privada;85710,70999999999
GRUPO LOTUS - ASSOCIACAO PARKINSON DA BAIXADA SANTISTA;11233774000189,0;Associacao Privada;85000,0
MITRA DIOCESANA DE SANTOS;58259771005570,0;Organizacao Religiosa;82229,29000000001
ASSOCIACAO DE MORADORES DO JARDIM PIRATININGA;47984152000130,0;Associacao Privada;78641,45
SOCIEDADE DE MELHORAMENTOS, AMIGOS E MORADORES DA VILA BELMIRO;19697983000195,0;Associacao Privada;77542,56
ASSOC COMUNIT PRO MORADIA ILHEUS DA BAIXADA SANTISTA;66497157000182,0;Associacao Privada;76786,87
ASSOCIACAO INSTITUTO DE CAPACITACAO EDUCACIONAL PARA LIDERANCAS - ICEL;31280216000181,0;Organizacao Social (OS);74440,0
ASSOCIACAO DOS COMBATENTES DE 1932 - DE SANTOS;2206775000143,0;Associacao Privada;72000,0
SOCIEDADE BENEFICENTE E MELHORAMENTOS DO BAIRRO DE A B;58269424000136,0;Associacao Privada;71770,76000000001
INSTITUTO BORDALLO CULTURAL;55027985000130,0;Associacao Privada;65000,0
SOCIEDADE DE MELHORAMENTOS DOS AMIGOS DA VILA S BENTO;51652360000109,0;Associacao Privada;62157,2
MOVIMENTO DE APOIO AOS PROTETORES DE ANIMAIS E DA NATUREZA;7012405000199,0;Associacao Privada;59999,2
ASSOCIACAO CENTRO INTEGRADO PARA DESENVOLVIMENTO HUMANO;43002256000140,0;Associacao Privada;59998,0
CENTRO COMUNITARIO AMIGOS DO SAO BENTO;50493027000131,0;Associacao Privada;58532,56
SOCIEDADE DE MELHORAMENTOS DO MONTE SERRAT;51681641000190,0;Associacao Privada;55207,33
SOCIEDADE DE MELHORAMENTOS DA VILA PANTANAL;13666859000186,0;Associacao Privada;52044,31
ASSOCIACAO PATINACAO PARA TODOS - APT;42912252000137,0;Associacao Privada;51200,0
ASSOCIACAO DOS SECRETARIOS MUNICIPAIS DE ESPORTE E LAZER DO ESTADO DE SAO PAULO;41929346000237,0;Associacao Privada;50000,0
ASSOCIACAO CAMINHO DE SANTA MARIA;1248709000173,0;Associacao Privada;48744,31
SOCIEDADE DE MELHORAMENTOS DO MORRO DO JOSE MENINO;51069565000166,0;Associacao Privada;48666,4
UNIAO DOS TRIATLETAS E CORREDORES DA BAIXADA;1082479000115,0;Associacao Privada;47259,5
ASSOCIACAO ESPIRITA RECANTO DA PAZ FRANCISCO DE ASSIS;10992681000175,0;Associacao Privada;45000,0
ASSOCIACAO COMUNITARIA DE MORADORES DO MORRO DO PACHECO;49561455000175,0;Associacao Privada;43642,46
ANEC ASSOCIACAO NACIONAL DE ESPORTES E CULTURA;43585859000112,0;Associacao Privada;40000,0
ASSOCIACAO NACIONAL DE ESPORTES;6134874000118,0;Associacao Privada;40000,0
SOCIEDADE DE MELHORAMENTOS DO BAIRRO DE CARUARA;54350574000119,0;Associacao Privada;39742,56
INSTITUTO LUTHER KING;34429718000110,0;Associacao Privada;39440,0
SOCIEDADE DE MELHORAMENTOS DO BAIRRO SANTA MARIA;30119751000192,0;Associacao Privada;37044,31
SOC PRO MELHORAMENTOS DO BAIRRO JARDIM RADIO CLUBE;58260951000180,0;Associacao Privada;37044,31
SOC DE MELHORAMENTOS DO BAIRRO DA PONTA DA PRAIA;51681187000177,0;Associacao Privada;37044,31
ASSOCIACAO DE JUDO ROGERIO SAMPAIO;71548838000162,0;Associacao Privada;36750,0
ASSOCIACAO DE TAI CHI CHUAN BAIXADA SANTISTA MESTRE AUGUSTO LEITAO PRIMEIRA LINHAGEM DA ESCOLA DE TAI CHI PAI LIN;4646746000128,0;Associacao Privada;36703,1
SOCIEDADE ARS VIVA;58250168000135,0;Associacao Privada;35000,0
SOCIEDADE DE MELHORAMENTO DO JARDIM SAO MANOEL;51653194000165,0;Associacao Privada;31200,0
SOC HUMANITARIA DOS EMPREGADOS DO COMERCIO DE SANTOS;58198292000107,0;Associacao Privada;30000,0
INSTITUTO SINDEST;38193222000140,0;Associacao Privada;30000,0
ROTARY CLUB DE SANTOS - GONZAGA;12028165000150,0;Associacao Privada;30000,0
ASSOCIACAO JAPONESA DE SANTOS - AJS;64713514000177,0;Associacao Privada;30000,0
COLETIVO AFROTU;48743045000182,0;Associacao Privada;28000,0
ASSOCIACAO CULTURAL JOSE MARTI DA BAIXADA SANTISTA;17235835000123,0;Associacao Privada;28000,0
LAR SANTO EXPEDITO;5349323000109,0;Associacao Privada;25866,88
ASSOCIACAO BRASILEIRA ACOLHER E TRANSFORMAR VIDAS.;47763345000160,0;Associacao Privada;25000,0
PROJETO PRIMEIROS PASSOS;31599638000114,0;Associacao Privada;25000,0
CENTRO DE DIREITOS HUMANOS DA BAIXADA SANTISTA IRMA MARIA DOLORES;11438416000102,0;Associacao Privada;24614,94
SOCIEDADE MELHORAMENTOS DO BAIRRO DO CAMPO GRANDE;44287233000192,0;Associacao Privada;24142,559999999998
CENTRO COMUNITARIO CASTELO BRANCO;46198347000191,0;Associacao Privada;23400,0
INSTITUTO ALBATROZ;5661298000102,0;Associacao Privada;20500,0
ONGSEM FRONTEIRA;13944446000116,0;Fundacao Privada;20000,0
INSTITUTO QUERO;10227433000138,0;Associacao Privada;20000,0
ASSOCIACAO DOS ADVOGADOS TRABALHISTAS DE SANTOS-AATS;68013705000187,0;Associacao Privada;20000,0
MOVIMENTO DE ARREGIMENTACAO FEMININA;49946676000161,0;Associacao Privada;20000,0
COMPOSTA&CULTIVA;47293019000137,0;Associacao Privada;20000,0
ASSOCIACAO MISSIONARIA RESGATANDO VIDAS - A ULTIMA COLHEITA;16808077000394,0;Associacao Privada;19999,76
CENTRO AMBIENTAL DE ESTUDOS E TURISMO ECOLOGICO DA MATA ATLANTICA;16933300000163,0;Associacao Privada;19997,17
CENTRO FRATERNO DE AMIZADE;51650968000102,0;Associacao Privada;19906,62
ASSOCIACAO CULTURAL GRUPO RAIZES DE VILA NOVA;15572039000150,0;Associacao Privada;15000,0
ASSOCIACAO VILA DO TEATRO;21368579000110,0;Associacao Privada;14940,0
INSTITUTO PROCOMUM;26075636000277,0;Associacao Privada;11000,0
SOCIEDADE DE MELHORAMENTOS DO MORRO DE SAO BENTO;58260712000120,0;Associacao Privada;10901,22
ASSOCIACAO DOS ARTISTAS;3890545000109,0;Associacao Privada;10855,0
ORDEM FRANCISCANA SECULAR - VALONGO;58258377000125,0;Fundacao Privada;10800,0
LIGA METROPOLITANA DE GINASTICA;15377356000116,0;Associacao Privada;8968,0
ASSOCIACAO DOS MORADORES DA VILA PANTANAL;3051948000164,0;Associacao Privada;4267,45
SOCIEDADE DE MELHORAMENTOS DA VILA PROGRESSO;51068831000136,0;Associacao Privada;0,0
ASSOCIACAO BEM ESTAR NA COMUNIDADE, ABEC;54956090000118,0;Associacao Privada;0,0
TOCA DE ASSIS IRMAS;34084109000508,0;Associacao Privada;0,0
CENTRO COMUNITARIO DO MACUCO;51214307000126,0;Associacao Privada;0,0
ASSOCIACAO UNIAO DO BEM;55483282000117,0;Associacao Privada;0,0
ASSOCIACAO EDUARDO FURKINI;14934407000109,0;Associacao Privada;0,0
CASA DE CULTO AFRO BRASILEIRO ILE ASE SOBO OBA ARIRA;5982828000106,0;Associacao Privada;0,0
INSTITUTO PEQUENO LUCA;44060158000122,0;Associacao Privada;0,0
ASSOCIACAO DE MORADORES DA RUA JOAO CARLOS DA SILVA E ADJACENCIAS DO BAIRRO SAO MANOEL, SANTOS-SP;39523106000105,0;Associacao Privada;0,0
INSTITUTO MENSAGEIROS DA VERDADE MACUCO;41139803000109,0;Associacao Privada;0,0
ASSOCIACAO DESPORTIVA JUNTOS DENTRO E FORA D'AGUA;34281229000163,0;Associacao Privada;0,0
ASSOCIACAO DOS AMIGOS DO CORAL CEU DA BOCA - AACCB;30984874000191,0;Associacao Privada;0,0
