"Entidade","Valor do Repasse","Secretaria"
"GALP - GRUPO AMIGO DO LAR POBRE","R$ 262.041,66","SEDS"
"CASA DO PARAPLÉGICO DE SANTOS","R$ 1.213.421,10","SEDS"
"LAR DAS MOÇAS CEGAS","R$ 5.624.556,81","SMS"
"EDUCANDÁRIO SANTISTA","R$ 5.497.549,98","SEDS"
"EDUCANDÁRIO ANÁLIA FRANCO","R$ 3.065.467,64","SEDS"
"PRÓ SAÚDE ASSOCIAÇÃO BENEFICENTE DE ASSISTÊNCIA SOCIAL E HOSPITALAR","R$ 35.110.630,88","SMS"
"GBMAR - GRUPAMENTO DE BOMBEIRO MARÍTIMO","R$ 72.000,00","SESEG"
"ASILO DE INVÁLIDOS DE SANTOS","R$ 915.197,20","SEDS, SMS"
"CENTRO ESPÍRITA BENEFICENTE 30 DE JULHO","R$ 5.234.304,49","SEDS, SMS"
"SOCIEDADE AMIGA DOS POBRES ALBERGUE NOTURNO","R$ 1.922.273,75","SEDS"
"BOMBEIROS - PRIMEIRO SUBGRUPAMENTO DO 6Âº GB","R$ 240.000,00","SESEG"
"ASSOCIAÇÃO BRASILEIRA DE APOIO E COMBATE AO CÂNCER INFANTO JUVENIL - ABRACCII","R$ 694.400,00","SMS"
"AEECS - ASSOCIAÇÃO ESPORTIVA, EDUCACIONAL, CULTURAL E SOCIAL FORMANDO CIDADÃO","R$ 203.835,56",""
"SPDM - ASSOCIAÇÃO PAULISTA PARA O DESENVOLVIMENTO DA MEDICINA","R$ 31.045.790,91","SMS"
"LAR ESPÍRITA MENSAGEIROS DA LUZ","R$ 1.892.215,13","SEDS, SMS"
"CASA VÓ BENEDITA","R$ 1.790.455,34","SEDS"
"ICA - INSTITUTO CONSTRUINDO O AMANHÃ","R$ 498.420,00","SECOM"
"VIDAS RECICLADAS","R$ 2.028.452,01","SEDS"
"CAMPS - CENTRO DE APRENDIZAGEM E MOBILIZAÇÃO PROFISSIONAL E SOCIAL","R$ 5.371.489,10","SEFIN"
"CIEESH - CENTRO INTERDISCIPLINAR DE EDUCAÃ‡ÃƒO ESPECIAL SIMONE C HORCEL","R$ 2.127.414,57","SMS"
"BANDA MUSICAL CARLOS GOMES","R$ 57.955,92","SECULT"
"ASSOCIAÇÃO PROMOCIONAL SOL NASCENTE","R$ 49.001,00","SMS"
"USC SAÚDE","R$ 18.227.877,67","SMS"
"ASPPE - PESQUISA PREVENÇÃO E EDUCAÇÃO","R$ 1.024.220,92","SEDS"
"UACEP - UNIÃO DE AMPARO À COMUNIDADE DE ESCOLAS PUBLICAS","R$ 247.500,00","SEMULHER"
"INSTITUTO DEVIR EDUCOM","R$ 262.189,75","SEMULHER"
"INSTITUTO NACIONAL DE PESQUISA E GESTAO EM SAUDE - INSAUDE","R$ 29.520.805,73","SMS"
"ASSOCIAÇÃO ESPÍRITA SEARA DE JESUS","R$ 2.113.940,20","SMS"
"NAPNE - ASSOCIAÇÃO DOS PORTADORES DE DEFICIÊNCIA MENTAL","R$ 3.062.237,94","SMS"
"ONG PATINHAS QUE BRILHAM","R$ 186.678,00",""
"APM DA UME PROFESSORA MARIA DE LOURDES BORGES BERNAL","R$ 54.180,18",""
"APM DA UME IRMÃO JOSE GENESIO","R$ 30.828,42",""
"APM DA UME DOS ANDRADAS II","R$ 31.442,94",""
"APM DA UME SAMUEL AUGUSTO LEÃO DE MOURA","R$ 30.418,74",""
"APM DA UME LOURDES ORTIZ","R$ 58.789,08",""
"APM DA UME OLIVIA FERNANDES","R$ 21.303,36",""
"APM DA UME JUDOCA RICARDO SAMPAIO CARDOSO","R$ 42.401,88",""
"APM DA UME PROFESSora MAGALI ALONSO","R$ 13.929,12",""
"APM DA UME YARA NASCIMENTO SANTINI","R$ 10.242,00",""
"APM DA UME DR. NELSON DE TOLEDO PIZA","R$ 19.971,90",""
"APM DA UME PEDRO II","R$ 71.796,42",""
"APM DA UME OSWALDO JUSTO","R$ 71.386,74",""
"APM DA UME PROFESSORA MARIA LUIZA ALONSO SILVAÂ","R$ 44.143,02",""
"APM DA UME AUXILIADORA DA INSTRUÇÃO","R$ 37.485,72",""
"APM DA UME VINTE E OITO DE FEVEREIRO","R$ 114.989,40",""
"APM DA UME DR. PORCHAT DE ASSIS","R$ 19.767,06",""
"APM DA UME PADRE LEONARDO NUNES","R$ 114.095,88",""
"APAE - ASSOCIAÃ‡ÃƒO DE PAIS E AMIGOS DOS EXCEPCIONAIS DE SANTOS","R$ 3.402.440,06","SEDS, SMS"
"APM DA UME JOSÉ DA COSTA BARBOSA","R$ 13.417,02",""
"SANTOS CONVENTION & VISITORS BUREAU","R$ 267.288,24",""
"INSTITUTO ARTE NO DIQUE","R$ 975.704,00","SECULT"
"APM DA UME LEONOR MENDES DE BARROS","R$ 23.454,18",""
"APM DA UME PREFEITO PAULO GOMES BARBOSA","R$ 54.897,12",""
"ASSOCIAÇÃO CASA DA CRIANÇA DE SANTOS","R$ 1.957.237,11","SEDS"
"APM DA UME PROFESSORA MARIA LÚCIA PRANDI","R$ 14.441,22",""
"APM DA UME PREFEITO ESMERALDO TARQUÍNIO","R$ 73.537,56",""
"APM DA UME NOEL GOMES FERREIRA","R$ 17.718,66",""
"APM DA UME PROFESSORA THEREZINHA DE JESUS SIQUEIRA PIMENTEL","R$ 69.952,86",""
"AMEM - ASSISTÊNCIA AO MENOR ENFERMO MENTAL","R$ 1.713.542,71",""
"APM DA UME GOTA DE LEITE","R$ 30.623,58",""
"APM DA UME LYDIA FEDERICI","R$ 13.417,02",""
"APM DA UME EDMÉA LADEVIG","R$ 44.347,86",""
"APM DA UME JOSÉ BONIFÁCIO","R$ 35.539,74",""
"APM DA UME LUIZ CARLOS PRESTES","R$ 20.586,02",""
"APM DA UME DR ALCIDES LOBO VIANA","R$ 24.580,80",""
"APM DA UME CIDADE DE SANTOS","R$ 88.081,20",""
"APM DA UME PROFESSORA EMÍLIA MARIA REIS","R$ 60.325,38",""
"APM DA UME DR. JOSÉ CARLOS DE AZEVEDO JÚNIOR","R$ 83.779,56",""
"APM DA UME PROFESSOR ANTÔNIO DE OLIVEIRA PASSOS SOBRINHO","R$ 24.990,48",""
"APM DA UME DEPUTADO RUBENS LARA","R$ 68.211,72",""
"APM DA UME PROFESSORA MARIA LUIZA SIMÕES RIBEIRO","R$ 16.592,04",""
"APM DA UME PROFESSOR WALDERY DE ALMEIDA","R$ 49.673,70",""
"ASSISTÊNCIA À INFÂNCIA DE SANTOS GOTA DE LEITE","R$ 1.808.580,07",""
"APM DA UME PROFESSORA IVETA MESQUITA NOGUEIRA","R$ 15.363,00",""
"APM DA UME DR. FERNANDO COSTA","R$ 51.005,16",""
"APM DA UME PROFESSOR MÁRIO DE ALMEIDA ALCÂNTARA","R$ 77.736,78",""
"APM DA UME DR JOSÉ DA COSTA E SILVA SOBRINHO","R$ 31.200,00","SEMULHER"
"APM DA UME COLÉGIO SANTISTA","R$ 69.440,76",""
"APM DA UME MARTINS FONTES","R$ 29.701,80",""
"APM DA UME BARÃO DO RIO BRANCO","R$ 49.468,86",""
"IHGS - INSTITUTO HISTÓRICO E GEOGRÁFICO DE SANTOS","R$ 282.855,00","SECULT"
"APM DA UME PROFESSOR ANTONIO DEMÓSTENES DE SOUZA BRITTO","R$ 45.269,64",""
"APM DA UME PROFESSOR PEDRO CRESCENTI","R$ 93.099,78",""
"APM DA UME RURAL MONTE CABRÃO","R$ 23.863,86",""
"APM DA UME PROFESSORA MARIA CARMELITA PROOST VILLAÇA","R$ 19.152,54",""
"APM DA UME PROFESSOR AVELINO DA PAZ VIEIRA","R$ 34.925,22",""
"APM DA UME DOS ANDRADAS I","R$ 33.286,50",""
"APM DA UME CELY DE MOURA NEGRINI","R$ 47.215,62",""
"APM DA UME PROFESSOR FLORESTAN FERNANDES","R$ 59.915,70",""
"APM DA UME HILDA D ONÓFRIO PAPA","R$ 5.018,58",""
"APM DA UME PADRE WALDEMAR VALLE MARTINS","R$ 23.659,02",""
"APM DA UME OLAVO BILAC","R$ 58.379,40",""
"APM DA UME AYRTON SENNA DA SILVA","R$ 57.457,62",""
"APM DA UME DOUTOR CYRO DE ATHAYDE CARNEIRO","R$ 23.146,92",""
"APM DA UME EUNICE CALDAS","R$ 19.254,96",""
"APM DA UME DR. DINO BUENO","R$ 41.480,10",""
"APM DA UME PROFESSOR JOÃO PAPA SOBRINHO","R$ 36.666,36",""
"ASPP - ASSISTÃŠNCIA SOCIAL DA PONTA DA PRAIA","R$ 955.751,45",""
"PRÓ VIVER OBRAS SOCIAIS E EDUCACIONAIS","R$ 7.067.206,65","SEDS"
"CEREX - ASSOCIAÇÃO DE PAIS PRÓ CENTRO DE RECUPERAÇÃO PARA EXCEPCIONAIS","R$ 2.001.272,32","SMS"
"INSTITUTO OSVALDO DE ROSIS","R$ 322.427,20",""
"CONCIDADANIA - CONSCIÊNCIA PELA CIDADANIA","R$ 524.764,00","SEMULHER"
"APAEA - ASSOCIAÇÃO DE PAIS AMIGOS E EDUCADORES DE AUTISTAS","R$ 1.767.395,09","SMS"
"ABRACE - ASSOCIAÇÃO BRASILEIRA DE ARTES CÊNICAS","R$ 716.448,00","SECULT"
"ASSOCIAÇÃO FILANTRÓPICA CATÓLICA ORTODOXA","R$ 1.512.125,81",""
"CRECHE COMUNITÁRIA AMIGOS UNIDADE 2","R$ 1.776.531,44",""
"APM DA UME PADRE LÚCIO FLORO","R$ 21.815,46",""
"ASSOCIAÇÃO BENEFICENTE SONY BARSOTTI MEY","R$ 387.260,21",""
"SOCIEDADE FILANTRÓPICA DAMASCO","R$ 615.436,55",""
"CECAJAS - CENTRO DE CAPACITAÇÃO DE JOVENS E ADULTOS DE SANTOS","R$ 1.050.210,54",""
"ASSOCIAÃ‡ÃƒO DE ASSISTÊNCIA Ã€ INFÃ‚NCIA ESTRELA GUIA","R$ 1.153.468,20",""
"ESCOLA PORTUGUESA","R$ 1.052.871,10",""
"ASSOCIAÇÃO CASA DE ESTAR DE SANTOS","R$ 1.153.512,17",""
"ASSOCIAÃ‡ÃƒO CRISTÃƒ BENEFICENTE EURÍPEDES BARSANULFO","R$ 984.620,19",""
"INSTITUTO INOVARE - SOLUÇÕES SOCIOAMBIENTAIS (SANTOS LIXO ZERO)","R$ 111.000,00",""
"INSTITUIÇÃO DE ASSISTÊNCIA À CRIANÇA PROFESSORA EDNA SOUZA - IACPES","R$ 1.369.704,96",""
"ASSOCIAÇÃO BALÉ DA CIDADE DE SANTOS","R$ 747.000,00","SECULT"
"ASSOCIAÇÃO DE ASSISTÊNCIA SOCIAL EVOLUÇÃO","R$ 15.749.990,64",""
"LAR ESPÍRITA MARIA MÁXIMO","R$ 698.376,68",""
"ONG AMIGOS DO TOBÍAS","R$ 37.491,67",""
"ASSOCIAÃ‡ÃƒO BENEFICENTE ÁGAPE","R$ 918.888,80",""
"ASSOCIAÇÃO SOCIAL SAGRADA FAMÍLIA","R$ 3.513.853,71",""
"FUNDAÇÃO PAULO GOMES BARBOSA - PAGOBA","R$ 423.678,45",""
"COMUNIDADE ASSISTENCIAL ESPÍRITA LAR VENERANDA","R$ 1.141.023,25",""
"CRUZADA DAS SENHORAS CATÓLICAS","R$ 1.669.599,62",""
"ASSOCIAÇÃO FÁBRICA DE SOLIDARIEDADE","R$ 47.855,00","SECULT"
"CONSELHO CENTRAL DE SANTOS DA SOCIEDADE SÃO VICENTE DE PAULO","R$ 651.985,92","SEDS, SMS"
"ONG VIVA BICHO","R$ 0,00",""
"ASSOCIAÇÃO IN PHOCCUS DE DANÇA","R$ 452.125,20","SECULT"
"LIGA BENEFICENTE NOSSA SENHORA DA DIVINA PROVIDÊNCIA","R$ 1.380.880,50",""
"ASSOCIAÇÃO EDUCACIONAL E ASSISTENCIAL CASA MÁGICA","R$ 2.255.789,20",""
"LAR EVANGÉLICO DE AMPARO À VELHICE","R$ 1.211.088,35","SEDS, SMS"
"FUNDAÇÃO PINACOTECA BENEDICTO CALIXTO","R$ 608.000,00","SECULT"
"MUSEU DE ARTE SACRA DE SANTOS - MASS","R$ 120.000,00","SECULT"
"ASSOCIAÇÃO DE AMOR À CRIANÇA ARCANJO RAFAEL","R$ 18.016.584,65",""
"ASSOCIAÇÃO BRASILEIRA DE EDUCAÇÃO E CULTURA - ABEC","R$ 1.193.098,92",""
"CRECHE ANJOS DO AMANHÃƒ E EDUCAÇÃO INFANTIL","R$ 1.955.643,60",""
"ACES - ASSOCIAÇÃO DE CRIANÇAS ESPECIAIS DE SANTOS","R$ 960.294,32",""
"APASEM - ASSOCIAÇÃO DE PROMOÇÃO E ASSISTÊNCIA SOCIAL ESTRELA DO MAR","R$ 3.999.959,41","SEDS"
"APM DA UME HILDA RABAÇA","R$ 5.837,94",""
"GRUPO ESPÍRITA CRISTÃO DE SANTOS - CRECHE IRMÃ SCHEILLA","R$ 839.373,77",""
"APM DA UME PROFESSORA MARIA HELENA ROXO","R$ 2.560,50",""
"APM DA UME DEROSSE JOSÉ DE OLIVEIRA","R$ 8.500,86",""
"APM DA UME MARIA PATRICIA","R$ 11.573,46",""
"APM DA UME DOUTOR LUIZ LOPES","R$ 5.121,00",""
"APM DA UME IRMÃÂƒ MARIA DOLORES","R$ 7.681,50",""
"APM DA UME VEREADOR JOÃO IGNÁCIO DE SOUZA","R$ 11.880,71",""
"APM DA UME REGINA ALTMAN","R$ 8.910,54",""
"APM DA UME PROFESSORA MARGARETH BUCHMANN","R$ 11.368,62",""
"APM DA UME CLAUDIA HELENA DOS SANTOS OLIVEIRA CORREA","R$ 4.608,90",""
"APM DA UME SANDRA CRISTINA TEIXEIRA DA GAMA","R$ 10.856,52",""
"APM DA UME JOÃO WALTER SAMPAIO SMOLKA","R$ 9.627,48",""
"APM DA UME ELSA VIRTUOSO","R$ 6.554,88",""
"CRECHE COMUNITARIA AMIGOS UNIDADE 1","R$ 1.100.556,38",""
"APM DA UME PROFESSOR JOSÉ DE SÁ PORTO","R$ 9.832,32",""
"APM DA UME ANÍZIO BENTO","R$ 11.471,04",""
"APM DA UME LUIZ ALCA DE SANT'ANNA","R$ 10.446,84",""
"CENTRO DE CONVIVENCIA ESPERANÇA E VIDA - CCEV","R$ 1.598.903,94",""
"APM DA UME PADRE FRANCISCO LEITE","R$ 13.007,34",""
"APM DA UME CANDINHA RIBEIRO DE MENDONÇA","R$ 4.813.74",""
"APM DA UME LAURIVAL RODRIGUES","R$ 8.398,44",""
"APM DA UME GENERAL CLÓVIS BANDEIRA BRASIL","R$ 11.983,14",""
"APM DA UME FLÁVIO CIPRIANO BARBOSA","R$ 5.223,42",""
"CENTRO ESPÍRITA ISMÊNIA DE JESUS","R$ 2.065.240,63",""
"APM DA UME GEMMA REBELLO","R$ 9.115,38",""
"CRECHE COMUNITARIA CANTINHO DO RÁDIO CLUBE","R$ 2.428.573,43",""
"APM DA UME PROFESSOR ORLANDO ADEGAS","R$ 6.657,30",""
"NUREX - NÚCLEO DE REABILITAÇÃO DO EXCEPCIONAL SÃO VICENTE DE PAULO","R$ 2.826.967,68","SMS"
"APM DA UME TEREZINHA MARIA CALÇADA BASTOS","R$ 11.573,46",""
"ASSOCIAÇÃO EQUOTERAPIA","R$ 2.245.397,19","SMS"
"SOCIEDADE DE MELHORAMENTOS DO JARDIM BOM RETIRO","R$ 31.200,00","SEMULHER"
"SOCIEDADE DE MELHORAMENTOS DA VILA SÃO JORGE","R$ 31.200,00","SEMULHER"
"ASSOCIAÇÃO BENEFICENTE SÃO JOSÉ - Creche Pe. Lúcio Floro","R$ 1.258.265,70",""
"CENTRO COMUNITARIO DO CONJUNTO RESIDENCIAL MAL ARTUR DA COSTA E SILVA","R$ 31.200,00","SEMULHER"
"ASSOCIAÇÃO DE MORADORES PRÓ-MELHORAMENTOS DO JARDIM CASTELO","R$ 27.300,00","SEMULHER"
"ASSOCIAÇÃO PRO BENEFICENCIA E MELHORAMENTOS DA VILA ALEMOA","R$ 31.200,00","SEMULHER"
"SOCIEDADE DE MELHORAMENTOS DO BAIRRO DO MARAPÉ","R$ 31.200,00","SEMULHER"
"ASSOCIAÇÃO CASA DA ESPERANÇA","R$ 2.487.946,00","SMS"
"CENEP - FUNDAÇÃO CENTRO DE EXCELÊNCIA PORTUÁRIA DE SANTOS","R$ 240.000,00",""
"SOCIEDADE DE MELHORAMENTOS DO BAIRRO DA POMPEIA","R$ 31.200,00","SEMULHER"
"ASSOCIAÇÃO PROJETO TAMTAM","R$ 515.000,00","SECULT"
"CENTRO COMUNITÁRIO AMIGOS DO SÃO BENTO","R$ 31.200,00","SEMULHER"
"SOCIEDADE DE MELHORAMENTOS DO BAIRRO DA ENCRUZILHADA","R$ 50.700,00","SEMULHER"
"SOCIEDADE DE MELHORAMENTOS, AMIGOS E MORADORES DA VILA BELMIRO","R$ 31.200,00","SEMULHER"
"SOCIEDADE DE MELHORAMENTOS DO MORRO DO JOSÉ MENINO","R$ 31.200,00","SEMULHER"
"SOCIEDADE PRÓ-MELHORAMENTOS DO BAIRRO DA CANELEIRA","R$ 31.200,00","SEMULHER"
"SOCIEDADE DE MELHORAMENTOS DO MORRO DA NOVA CINTRA","R$ 31.200,00","SEMULHER"
"ASSOCIAÇÃO DOS MORADORES DA CANELEIRA III","R$ 31.200,00","SEMULHER"
"ASSOCIAÇÃO EMEENE DE SANTOS - CRECHE MUNDO NOVO","R$ 2.108.170,96",""
"ASSOCIAÇÃO CAMINHO DE SANTA MARIA","R$ 11.700,00","SEMULHER"
"ASSOCIAÇÃO COMUNITÁRIA PRÓ MORADIA ILHÉUS DA BAIXADA SANTISTA","R$ 23.400,00","SEMULHER"
"SOCIEDADE DE MELHORAMENTOS DO BAIRRO DA PONTA DA PRAIA","R$ 1.123,84",""
"SOCIEDADE VISCONDE DE SÃO LEOPOLDO - UNIVERSIDADE CATÓLICA DE SANTOS - RESTAURANTE ESCOLA","R$ 317.538,83",""
"SOCIEDADE PRÓ-MELHORAMENTOS DO BAIRRO JARDIM RADIO CLUBE","R$ 1.123,84",""
"IRMANDADE DA SANTA CASA DE MISERICÓRDIA DE SANTOS","R$ 12.985.928,60","SMS"
"GRÊMIO RECREATIVO E CULTURAL ESCOLA DE SAMBA MOCIDADE AMAZONENSE","R$ 0,00","SECULT"
"LIGA REGIONAL DE FUTEVÔLEI DO LITORAL PAULISTA - LRFVLP","R$ 377.301,60",""
"FUNDAÇÃO SETTAPORT DE RESPONSABILIDADE SOCIAL E INTEGRAÇÃO PORTO CIDADE","R$ 31.000,00","SECULT"
"ASSOCIAÇÃO CANAL CULTURAL","R$ 354.565,00","SECULT"
"GRUPO DE APOIO À PREVENÇÃO À AIDS DA BAIXADA SANTISTA - GAPA/BS","R$ 561.855,00","SMS"
"INSTITUTO MAR AZUL","R$ 30.000,00",""
"ASSOCIAÇÃO DESPORTIVA E CULTURAL MARVEL","R$ 149.925,00",""
"SOCIEDADE DE MELHORAMENTOS DO JARDIM SÃO MANOEL","R$ 31.200,00","SEMULHER"
"CENIN - CENTRO INTEGRADO DE ASSISTÊNCIA A PESSOAS COM CÂNCER","R$ 249.542,38","SMS"
"INSTITUTO SOCIAL HOSPITAL ALEMÃO OSWALDO CRUZ","R$ 170.873.800,50","SMS"
"SOCIEDADE DE MELHORAMENTOS DA ILHA DIANA","R$ 1.123,84",""
"GRUPO LÓTUS - ASSOCIAÇÃO PARKINSON DA BAIXADA SANTISTA","R$ 20.000,00","SMS"
"GRÊMIO RECREATIVO E CULTURAL ESCOLA DE SAMBA VILA MATHIAS","R$ 15.600,00","SEMULHER"
"LIVRESCOOP - COOPERATIVA AGROECOLÓGICA DE TRABALHADORES DA AGRICULTURA FAMILIAR","R$ 148.881,60","SMS"
"APEMBS - ASSOCIAÇÃO DOS PORTADORES DE ESCLEROSE MÚLTIPLA DA BAIXADA SANTISTA","R$ 564.152,96","SMS"
"ABRACHA - ASSOCIAÇÃO BRASILEIRA DE CANOA HAVAIANA","R$ 275.000,00","SMS"
"ALSAPEM - ASSOCIAÇÃO DO LITORAL SANTISTA DE AMIGOS E PORTADORES DE ESCLEROSE MÚLTIPLA","R$ 257.500,00","SMS"
"ACAUSA - INSTITUTO LUIZ ALCA","R$ 265.000,00","SMS"
"ASSOCIAÇÃO DOS MÉDICOS DE SANTOS","R$ 100.000,00",""
"NOVA DIMENSÃO - ORG. DE APOIO SOCIAL, EDUCATIVO E CULTURAL ÀS PESSOAS COM NECESSIDADES ESPECIAIS","R$ 126.040,55","SMS"
"CEC - CENTRO ESPÍRITA E DE CARIDADE DR. LUIZ MONTEIRO DE BARROS","R$ 20.000,00","SEDS"
"ASSOCIAÇÃO CULTURAL PORTO CIRCENSE","R$ 227.710,00","SECULT"
"ASSOCIAÇÃO DE MORADORES E COMERCIANTES DA VILA MATHIAS","R$ 15.600,00","SEMULHER"
"INSTITUTO PROJETO KAFFE SPORT","R$ 299.999,80",""
"ASSOCIAÇÃO CULTURAL GRUPO RAÍZES DE VILA NOVA","R$ 15.000,00",""
"ASSOCIAÇÃO EXPRESSÃO DE VIDA","R$ 45.000,00","SECULT"
"GRÊMIO SOCIAL, ESPORTIVO E CULTURAL RONIMOTORS","R$ 198.248,00",""
"ASSOCIAÇÃO VILA DO TEATRO","R$ 14.940,00","SECULT"
"PRÓTRABALHADOR - ASSOCIAÇÃO DE INFORMAÇÃO, PROTEÇÃO E DEFESA DO TRABALHADOR (INSTITUTO JOÃO CLÁUDIO)","R$ 200.000,00","SECULT"
"SOCIEDADE DE MELHORAMENTOS DO BAIRRO JARDIM SANTA MARIA","R$ 1.123,84",""
"CENTRO COMUNITARIO MARECHAL HUMBERTO DE ALENCAR CASTELO BRANCO","R$ 31.200,00","SEMULHER"
"ASSOCIAÇÃO CULTURAL QUILOA","R$ 0,00","SEMULHER"
"GRÊMIO RECREATIVO E CULTURAL ESCOLA DE SAMBA IMPÉRIO DA VILA","R$ 123.000,00","SECULT"
"ASSOCIAÇÃO SOCIO EDUCATIVA DE ESPORTE E LAZER - ASEEL","R$ 89.402,00","SECOM"
"MOVIMENTO DE ARREGIMENTAÇÃO FEMININA - MAF","R$ 20.000,00","SEMULHER"
"GRUPO ASSISTENCIAL ESPÍRITA NINHO DE AMOR E LUZ","R$ 97.565,00","SEMULHER"
"SOCIEDade HUMANITÁRIA DOS EMPREGADOS NO COMÉRCIO DE SANTOS","R$ 15.000,00","SECULT"
"COLETIVO AFROTU","R$ 28.000,00","SECOM"
"ASSOCIAÇÃO BENEFICENTE DE ASSISTÊNCIA SOCIAL AO EXCEPCIONAL - ABASE","R$ 558.333,33","SEDS, SMS"
"COT - CENTRO ORGANIZATIVO DOS TRABALHADORES","R$ 337.714,13","SEMULHER"
"CACTOS - CENTRO DE APOIO E RECUPERAÇÃO DE DEPENDENTES DE DROGAS","R$ 311.000,00","SMS"
"ONG CASA BRANCA","R$ 74.844,89",""
"ISESC - INSTITUTO SUPERIOR DE EDUCAÇÃO SANTA CECÍLIA","R$ 150.000,00",""
"SOCIEDADE ESPORTIVA CANTAREIRA","R$ 304.974,64",""
"ASSOCIAÇÃO DE DESENVOLVIMENTO HUMANO VIVA VIDA","R$ 136.890,00",""
"SOCIEDADE DE MELHORAMENTOS DA VILA PANTANAL","R$ 15.000,00","SEMULHER"
"ABRASOFFA - ASSOCIAÇÃO BRASILEIRA DOS ORGANIZADORES DE FESTIVAIS DE FOLCLORE E ARTES POPULARES","R$ 40.000,00","SEMULHER"
"GRÊMIO RECREATIVO ESCOLA DE SAMBA MOCIDADE INDEPENDENTE DO PADRE PAULO","R$ 162.500,00","SECULT"
"BANDA FAMÍLIA DO BEM","R$ 50.000,00","SECULT"
"ASSOCIAÇÃO DE ASSISTÊNCIA MULTIPROFISSIONAL A ESPECIAIS FLORES DE MARIA","R$ 97.030,00","SMS"
"GRÊMIO RECREATIVO CULTURAL ESCOLA DE SAMBA UNIÃO IMPERIAL","R$ 216.000,00","SECULT"
"GRÊMIO RECREATIVO CULTURAL ESCOLA DE SAMBA ACADÊMICOS BANDEIRANTES DO SABOÓ","R$ 216.000,00","SECULT"
"GRÊMIO RECREATIVO CULTURAL E ESCOLA DE SAMBA MOCIDADE INDEPENDÊNCIA","R$ 216.000,00","SECULT"
"GREMIO RECREATIVO CULTURAL ESCOLA DE SAMBA BRASIL","R$ 108.000,00","SECULT"
"GRÊMIO RECREATIVO CULTURAL ESCOLA DE SAMBA CAMISA ALVINEGRA","R$ 108.000,00","SECULT"
"CENTRO CULTURAL ESPORTIVO SOCIAL E LAZER ESCOLA DE SAMBA DRAGOES DO CASTELO (METROPOLITANA)","R$ 108.000,00","SECULT"
"ASSOCIAÇÃO RECREATIVA E CULTURAL REAL MOCIDADE SANTISTA","R$ 216.000,00","SECULT"
"GRÊMIO RECREATIVO ACADEMIA DE SAMBA UNIDOS DA ZONA NOROESTE","R$ 148.000,00","SECULT"
"GRÊMIO RECREATIVO, CULTURAL E ESCOLA DE SAMBA UNIDOS DOS MORROS","R$ 216.000,00","SECULT"
"LIGA METROPOLITANA DE GINÁSTICA","R$ 8.968,00",""
"INSTITUTO VISÃO DO BEM","R$ 500.000,00","SMS"
"INSTITUTO FACONTI","R$ 20.818,75",""
"SOCIEDADE DE MELHORAMENTOS DO BAIRRO DO CAMPO GRANDE","R$ 7.800,00","SEMULHER"
"PROJETO PRIMEIROS PASSOS","R$ 25.000,00",""
"ICEL - ASSOCIAÇÃO INSTITUTO DE CAPACITAÇÃO EDUCACIONAL PARA LIDERANÇAS","R$ 30.000,00","SECULT"
"UTBS - UNIÃO DOS TRIATLETAS E CORREDORES DA BAIXADA","R$ 47.259,50",""
"REVUC - ASSOCIAÇÃO MISSIONÁRIA RESGATANDO VIDAS – A ÚLTIMA COLHEITA","R$ 19.999,76","SMS"
"INSTITUTO DE ACOLHIMENTO CÃES DA PRAIA","R$ 100.000,00",""
"AFROSAN - ASSOCIAÇÃO CULTURAL DOS AFRODESCENDENTES DA BAIXADA SANTISTA","R$ 11.000,00","SEMULHER"
"SOCIEDADE DE MELHORAMENTOS DO BAIRRO DO CARUARA","R$ 23.400,00","SEMULHER"
"ASSOCIAÇÃO CULTURAL JOSÉ MARTÍ DA BAIXADA SANTISTA","R$ 28.000,00","SECULT"
"LIGA DESPORTIVA DO LITORAL PAULISTA","R$ 90.106,00",""
"ASSOCIAÇÃO APLAUSO CONTEMPORÂNEO","R$ 75.500,00","SECULT"
"ASSOCIAÇÃO DA PARADA DO ORGULHO DE LÉSBICAS, GAYS, BISSEXUAIS, TRAVESTIS E TRANSGÊNEROS DE SANTOS","R$ 76.710,00","SEMULHER"
"ASSOCIAÇÃO PATINAÇÃO PARA TODOS - APT","R$ 51.200,00",""
"ASSOCIAÇÃO DE APOIO AS PORTADORAS DE ENDOMETRIOSE - ENDOMULHERES BAIXADA SANTISTA","R$ 61.418,00","SMS"
"ASSOCIAÇÃO ESPÍRITA RECANTO DA PAZ FRANCISCO DE ASSIS - REPAZ","R$ 45.000,00",""
"ASSOCIAÇÃO DESPORTIVA E CULTURAL DE CAPOEIRA SENZALA","R$ 26.000,00","SECULT"
"ASSOCIAÇÃO DOS COMBATENTES DE 1932 DE SANTOS","R$ 18.000,00",""
"CLUBE DO CHORO DE SANTOS","R$ 307.400,00","SECULT"
"ASSOCIAÇÃO OSCAR KARATÊ-DO EDUCACIONAL","R$ 30.000,00",""
"ASSOCIAÇÃO DOS ARTISTAS","R$ 10.855,00","SECULT"
"INSTITUTO ENERGIA","R$ 30.000,00","SMS"
"CONGREGAÇÃO SANTISTA DE SURDOS","R$ 120.000,00","SMS"
"COMPOSTA & CULTIVA","R$ 20.000,00",""
"ASSOCIAÇÃO COMUNITÁRIA DE MORADORES DO MORRO DO PACHECO","R$ 27.300,00","SEMULHER"
"FAPUNIFESP - FUNDAÇÃO DE APOIO À UNIVERSIDADE FEDERAL DE SÃO PAULO","R$ 110.903,85",""
"INSTITUTO BARONG","R$ 20.500,00","SMS"
"ADESAF - INSTITUTO ARTICULAÇÃO DE TECNOLOGIAS SOCIAIS E AÇÕES FORMATIVAS","R$ 25.000,00","SMS"
"INSTITUTO EDUCASURF","R$ 115.000,00","SMS"
"ASSOCIAÇÃO DE MORADORES DO JARDIM PIRATININGA","R$ 27.300,00","SEMULHER"
"PROJETO SOCIAL CIPÓ - ARTES E ARTES MARCIAIS","R$ 14.150,00",""
"ARS - AÇÃO DE RECUPERAÇÃO SOCIAL","R$ 112.132,48","SEDS"
"SOCIEDADE DE MELHORAMENTOS DO MONTE SERRAT","R$ 15.600,00","SEMULHER"
"PROJETO AMIGOS DE BRAÇOS ABERTO","R$ 75.000,00",""
"CENTRO COMUNITÁRIO DO EMBARÉ","R$ 23.400,00","SEMULHER"
"CENTRO ESPÍRITA DE UMBANDA NOSSA SENHORA DA CONCEIÇÃO","R$ 81.000,00","SEMULHER"
"ASSOCIAÇÃO DE SAÚDE SOCIOAMBIENTAL- ASSA","R$ 35.855,00","SMS"
"INSTITUTO NÁUTICO - BOMBORDO","R$ 50.000,00",""
"CASA DA VISÃO","R$ 45.231,31","SMS"
"INSTITUTO PROCOMUM","R$ 11.000,00","SEMULHER"
"ROTARY DE SANTOS MONTE SERRAT","R$ 15.600,00","SEMULHER"
"CLUBE INTERNACIONAL DE REGATAS","R$ 20.000,00",""
"ORDEM FRANCISCANA SECULAR VALONGO","R$ 10.800,00","SEMULHER"
"MITRA DIOCESANA DE SANTOS - PARÓQUIA NOSSA SENHORA DA ASSUNÇÃO","R$ 40.000,00","SMS"
"INSTITUTO TAUPET","R$ 60.000,00",""
"REDE CICLE - CONVIVÊNCIA E INTEGRAÇÃO POR MEIO DA CULTURA, LAZER E ESPORTE","R$ 85.032,87","SMS"
"SOCIEDADE DE MELHORAMENTOS DO BAIRRO MACUCO","R$ 27.300,00","SEMULHER"
"SOCIEDADE DE MELHORAMENTOS DOS AMIGOS DA VILA SÃO BENTO","R$ 1.123,84",""
"SOCIEDADE DE MELHORAMENTOS DO BAIRRO E MORRO DO JABAQUARA","R$ 11.700,00","SEMULHER"
"INSTITUTO MULTIVERSO","R$ 20.000,00","SEMULHER"
"CENTRO AMBIENTAL DE ESTUDOS E TURISMO ECOLÓGICO DA MATA ATLÂNTICA","R$ 19.997,17",""
"ACADEMIA SANTISTA DE LETRAS","R$ 36.000,00","SECULT"
"IPAEMA - INSTITUTO PRÓ-AÇÃO ESPORTE E MEIO AMBIENTE","R$ 99.950,00",""
"ONG PATINHAS QUE BRILHAM","R$ 186.678,00","SEMAM"
"INSTITUTO ARTE NO DIQUE","R$ 519.610,00","SEMAM"
"INSTITUTO INOVARE - SOLUÇÕES SOCIOAMBIENTAIS (SANTOS LIXO ZERO)","R$ 111.000,00","SEMAM"
"ONG AMIGOS DO TOBÍAS","R$ 37.491,67","SEMAM"
"ONG VIVA BICHO","R$ 0,00","SEMAM"
"INSTITUTO MAR AZUL","R$ 30.000,00","SEMAM"
"ONG CASA BRANCA","R$ 74.844,89","SEMAM"
"ABRASOFFA - ASSOCIAÇÃO BRASILEIRA DOS ORGANIZADORES DE FESTIVAIS DE FOLCLORE E ARTES POPULARES","R$ 30.000,00","SEMAM"
"INSTITUTO DE ACOLHIMENTO CÃES DA PRAIA","R$ 100.000,00","SEMAM"
"COMPOSTA & CULTIVA","R$ 20.000,00","SEMAM"
"FAPUNIFESP - FUNDAÇÃO DE APOIO À UNIVERSIDADE FEDERAL DE SÃO PAULO","R$ 110.903,85","SEMAM"
"INSTITUTO TAUPET","R$ 60.000,00","SEMAM"
"CENTRO AMBIENTAL DE ESTUDOS E TURISMO ECOLÓGICO DA MATA ATLÂNTICA","R$ 19.997,17","SEMAM"
"IPAEMA - INSTITUTO PRÓ-AÇÃO ESPORTE E MEIO AMBIENTE","R$ 99.950,00","SEMAM"
